,obj_id,vol_avg_dice,global_allres_sim,global_lowres_sim,global_masked_allres_sim,global_masked_lowres_sim,local_allres_sim,local_lowres_sim,local_masked_allres_sim,local_masked_lowres_sim,lesion_allres_sim,lesion_lowres_sim
0,BRATS_118.nii.gz_1,tensor(0.),"[60, 1]","[60, 1]","[61, 0]","[54, 7]","[61, 0]","[61, 0]","[49, 12]","[49, 12]","[30, 31]","[25, 36]"
1,BRATS_118.nii.gz_2,tensor(0.),"[29, 0]","[29, 0]","[16, 13]","[11, 18]","[29, 0]","[29, 0]","[16, 13]","[15, 14]","[11, 18]","[13, 16]"
2,BRATS_118.nii.gz_3,tensor(0.),"[33, 0]","[33, 0]","[25, 8]","[21, 12]","[33, 0]","[33, 0]","[25, 8]","[27, 6]","[15, 18]","[13, 20]"
3,BRATS_355.nii.gz_1,tensor(0.),"[38, 0]","[38, 0]","[28, 10]","[17, 21]","[38, 0]","[38, 0]","[19, 19]","[20, 18]","[11, 27]","[8, 30]"
4,BRATS_355.nii.gz_2,tensor(0.),"[28, 0]","[28, 0]","[18, 10]","[16, 12]","[28, 0]","[28, 0]","[18, 10]","[15, 13]","[13, 15]","[10, 18]"
5,BRATS_355.nii.gz_3,tensor(0.),"[28, 0]","[28, 0]","[12, 16]","[10, 18]","[28, 0]","[28, 0]","[17, 11]","[17, 11]","[8, 20]","[7, 21]"
6,BRATS_432.nii.gz_1,tensor(0.1254),"[62, 0]","[61, 1]","[46, 16]","[31, 31]","[62, 0]","[62, 0]","[61, 1]","[60, 2]","[23, 39]","[22, 40]"
7,BRATS_432.nii.gz_2,tensor(0.),"[53, 0]","[52, 1]","[25, 28]","[18, 35]","[53, 0]","[53, 0]","[30, 23]","[33, 20]","[13, 40]","[10, 43]"
8,BRATS_432.nii.gz_3,tensor(0.0046),"[61, 0]","[60, 1]","[51, 10]","[40, 21]","[61, 0]","[61, 0]","[52, 9]","[49, 12]","[25, 36]","[23, 38]"
9,BRATS_140.nii.gz_1,tensor(0.),"[85, 2]","[83, 4]","[85, 2]","[74, 13]","[87, 0]","[87, 0]","[76, 11]","[77, 10]","[37, 50]","[32, 55]"
10,BRATS_140.nii.gz_2,tensor(0.),"[45, 0]","[44, 1]","[36, 9]","[30, 15]","[45, 0]","[45, 0]","[17, 28]","[17, 28]","[8, 37]","[9, 36]"
11,BRATS_140.nii.gz_3,tensor(0.),"[41, 0]","[40, 1]","[34, 7]","[17, 24]","[41, 0]","[41, 0]","[38, 3]","[30, 11]","[10, 31]","[10, 31]"
12,BRATS_139.nii.gz_1,tensor(0.),"[60, 2]","[59, 3]","[51, 11]","[49, 13]","[62, 0]","[62, 0]","[53, 9]","[54, 8]","[19, 43]","[20, 42]"
13,BRATS_139.nii.gz_2,tensor(0.),"[37, 6]","[37, 6]","[29, 14]","[28, 15]","[37, 6]","[37, 6]","[25, 18]","[24, 19]","[14, 29]","[15, 28]"
14,BRATS_139.nii.gz_3,tensor(0.),"[26, 0]","[26, 0]","[20, 6]","[21, 5]","[26, 0]","[26, 0]","[16, 10]","[16, 10]","[13, 13]","[13, 13]"
15,BRATS_013.nii.gz_1,tensor(0.),"[29, 0]","[29, 0]","[27, 2]","[24, 5]","[29, 0]","[29, 0]","[17, 12]","[14, 15]","[9, 20]","[7, 22]"
16,BRATS_013.nii.gz_2,tensor(0.),"[12, 0]","[12, 0]","[1, 11]","[4, 8]","[12, 0]","[12, 0]","[3, 9]","[8, 4]","[1, 11]","[4, 8]"
17,BRATS_013.nii.gz_3,tensor(0.),"[16, 0]","[16, 0]","[14, 2]","[14, 2]","[16, 0]","[16, 0]","[8, 8]","[7, 9]","[8, 8]","[8, 8]"
18,BRATS_409.nii.gz_1,tensor(0.),"[75, 0]","[74, 1]","[55, 20]","[39, 36]","[75, 0]","[75, 0]","[68, 7]","[69, 6]","[28, 47]","[23, 52]"
19,BRATS_409.nii.gz_2,tensor(0.),"[24, 0]","[24, 0]","[8, 16]","[10, 14]","[24, 0]","[24, 0]","[10, 14]","[9, 15]","[11, 13]","[10, 14]"
20,BRATS_409.nii.gz_3,tensor(0.),"[41, 0]","[41, 0]","[22, 19]","[16, 25]","[41, 0]","[41, 0]","[29, 12]","[24, 17]","[17, 24]","[15, 26]"
21,BRATS_053.nii.gz_1,tensor(0.),"[67, 0]","[67, 0]","[63, 4]","[55, 12]","[67, 0]","[67, 0]","[56, 11]","[55, 12]","[24, 43]","[25, 42]"
22,BRATS_053.nii.gz_2,tensor(0.),"[45, 0]","[45, 0]","[12, 33]","[14, 31]","[45, 0]","[45, 0]","[22, 23]","[25, 20]","[8, 37]","[14, 31]"
23,BRATS_053.nii.gz_3,tensor(0.),"[32, 0]","[32, 0]","[25, 7]","[21, 11]","[32, 0]","[32, 0]","[24, 8]","[23, 9]","[10, 22]","[10, 22]"
24,BRATS_173.nii.gz_1,tensor(0.),"[84, 0]","[84, 0]","[80, 4]","[73, 11]","[84, 0]","[84, 0]","[61, 23]","[61, 23]","[19, 65]","[18, 66]"
25,BRATS_173.nii.gz_2,tensor(0.),"[54, 0]","[54, 0]","[33, 21]","[31, 23]","[54, 0]","[54, 0]","[13, 41]","[22, 32]","[5, 49]","[16, 38]"
26,BRATS_173.nii.gz_3,tensor(0.),"[51, 0]","[51, 0]","[33, 18]","[19, 32]","[51, 0]","[51, 0]","[28, 23]","[24, 27]","[11, 40]","[10, 41]"
27,BRATS_192.nii.gz_1,tensor(0.),"[76, 3]","[78, 1]","[65, 14]","[54, 25]","[79, 0]","[79, 0]","[70, 9]","[68, 11]","[30, 49]","[26, 53]"
28,BRATS_192.nii.gz_2,tensor(0.),"[50, 0]","[49, 1]","[24, 26]","[19, 31]","[50, 0]","[50, 0]","[20, 30]","[23, 27]","[4, 46]","[6, 44]"
29,BRATS_192.nii.gz_3,tensor(0.),"[41, 0]","[40, 1]","[16, 25]","[12, 29]","[41, 0]","[41, 0]","[19, 22]","[19, 22]","[5, 36]","[5, 36]"
30,BRATS_398.nii.gz_1,tensor(0.),"[67, 0]","[66, 1]","[63, 4]","[55, 12]","[67, 0]","[67, 0]","[62, 5]","[67, 0]","[32, 35]","[31, 36]"
31,BRATS_398.nii.gz_2,tensor(0.),"[40, 0]","[40, 0]","[22, 18]","[16, 24]","[40, 0]","[40, 0]","[15, 25]","[14, 26]","[12, 28]","[11, 29]"
32,BRATS_398.nii.gz_3,tensor(0.),"[39, 0]","[39, 0]","[9, 30]","[7, 32]","[39, 0]","[39, 0]","[17, 22]","[13, 26]","[10, 29]","[8, 31]"
33,BRATS_234.nii.gz_1,tensor(0.),"[74, 0]","[73, 1]","[73, 1]","[66, 8]","[74, 0]","[74, 0]","[72, 2]","[70, 4]","[27, 47]","[26, 48]"
34,BRATS_234.nii.gz_2,tensor(0.),"[49, 0]","[49, 0]","[29, 20]","[23, 26]","[49, 0]","[49, 0]","[23, 26]","[27, 22]","[12, 37]","[19, 30]"
35,BRATS_234.nii.gz_3,tensor(0.),"[46, 0]","[46, 0]","[41, 5]","[26, 20]","[46, 0]","[46, 0]","[28, 18]","[27, 19]","[16, 30]","[15, 31]"
36,BRATS_363.nii.gz_1,tensor(0.),"[73, 15]","[82, 6]","[83, 5]","[73, 15]","[88, 0]","[88, 0]","[86, 2]","[85, 3]","[40, 48]","[37, 51]"
37,BRATS_363.nii.gz_2,tensor(0.),"[33, 0]","[33, 0]","[23, 10]","[13, 20]","[33, 0]","[33, 0]","[25, 8]","[23, 10]","[19, 14]","[20, 13]"
38,BRATS_363.nii.gz_3,tensor(0.),"[33, 0]","[33, 0]","[12, 21]","[11, 22]","[33, 0]","[33, 0]","[15, 18]","[14, 19]","[14, 19]","[14, 19]"
39,BRATS_047.nii.gz_1,tensor(0.),"[71, 0]","[71, 0]","[68, 3]","[69, 2]","[71, 0]","[71, 0]","[53, 18]","[49, 22]","[21, 50]","[20, 51]"
40,BRATS_047.nii.gz_2,tensor(0.),"[60, 0]","[60, 0]","[48, 12]","[38, 22]","[60, 0]","[60, 0]","[37, 23]","[33, 27]","[12, 48]","[11, 49]"
41,BRATS_047.nii.gz_3,tensor(0.),"[56, 0]","[56, 0]","[41, 15]","[33, 23]","[56, 0]","[56, 0]","[40, 16]","[38, 18]","[17, 39]","[16, 40]"
42,BRATS_095.nii.gz_1,tensor(0.),"[45, 0]","[42, 3]","[38, 7]","[34, 11]","[45, 0]","[45, 0]","[32, 13]","[32, 13]","[23, 22]","[24, 21]"
43,BRATS_095.nii.gz_2,tensor(0.),"[29, 0]","[26, 3]","[9, 20]","[13, 16]","[29, 0]","[29, 0]","[18, 11]","[21, 8]","[5, 24]","[9, 20]"
44,BRATS_095.nii.gz_3,tensor(0.),"[14, 0]","[14, 0]","[7, 7]","[7, 7]","[14, 0]","[14, 0]","[7, 7]","[6, 8]","[7, 7]","[7, 7]"
45,BRATS_166.nii.gz_1,tensor(0.),"[58, 0]","[58, 0]","[55, 3]","[45, 13]","[58, 0]","[58, 0]","[53, 5]","[51, 7]","[17, 41]","[15, 43]"
46,BRATS_166.nii.gz_2,tensor(0.),"[50, 0]","[50, 0]","[37, 13]","[25, 25]","[50, 0]","[50, 0]","[24, 26]","[26, 24]","[19, 31]","[15, 35]"
47,BRATS_166.nii.gz_3,tensor(0.),"[51, 0]","[51, 0]","[45, 6]","[33, 18]","[51, 0]","[51, 0]","[27, 24]","[25, 26]","[15, 36]","[16, 35]"
48,BRATS_057.nii.gz_1,tensor(0.),"[76, 0]","[76, 0]","[75, 1]","[73, 3]","[76, 0]","[76, 0]","[71, 5]","[68, 8]","[36, 40]","[33, 43]"
49,BRATS_057.nii.gz_2,tensor(0.),"[47, 0]","[47, 0]","[24, 23]","[10, 37]","[47, 0]","[47, 0]","[15, 32]","[18, 29]","[9, 38]","[9, 38]"
50,BRATS_057.nii.gz_3,tensor(0.),"[41, 0]","[41, 0]","[37, 4]","[35, 6]","[41, 0]","[41, 0]","[30, 11]","[33, 8]","[16, 25]","[15, 26]"
51,BRATS_217.nii.gz_1,tensor(0.),"[82, 1]","[83, 0]","[82, 1]","[83, 0]","[83, 0]","[83, 0]","[67, 16]","[66, 17]","[28, 55]","[27, 56]"
52,BRATS_217.nii.gz_2,tensor(0.),"[44, 0]","[44, 0]","[28, 16]","[26, 18]","[44, 0]","[44, 0]","[24, 20]","[25, 19]","[12, 32]","[10, 34]"
53,BRATS_217.nii.gz_3,tensor(0.),"[43, 0]","[43, 0]","[38, 5]","[29, 14]","[43, 0]","[43, 0]","[31, 12]","[29, 14]","[17, 26]","[17, 26]"
54,BRATS_435.nii.gz_1,tensor(0.),"[81, 1]","[80, 2]","[53, 29]","[48, 34]","[82, 0]","[82, 0]","[59, 23]","[58, 24]","[13, 69]","[11, 71]"
55,BRATS_435.nii.gz_2,tensor(0.),"[64, 0]","[64, 0]","[20, 44]","[21, 43]","[64, 0]","[64, 0]","[29, 35]","[24, 40]","[10, 54]","[10, 54]"
56,BRATS_435.nii.gz_3,tensor(0.),"[63, 0]","[63, 0]","[51, 12]","[35, 28]","[63, 0]","[63, 0]","[43, 20]","[35, 28]","[12, 51]","[10, 53]"
57,BRATS_091.nii.gz_1,tensor(0.),"[70, 0]","[69, 1]","[70, 0]","[64, 6]","[70, 0]","[70, 0]","[58, 12]","[57, 13]","[13, 57]","[13, 57]"
58,BRATS_091.nii.gz_2,tensor(0.),"[57, 0]","[56, 1]","[56, 1]","[50, 7]","[57, 0]","[57, 0]","[47, 10]","[46, 11]","[19, 38]","[18, 39]"
59,BRATS_091.nii.gz_3,tensor(0.),"[50, 0]","[49, 1]","[42, 8]","[37, 13]","[50, 0]","[50, 0]","[38, 12]","[41, 9]","[11, 39]","[13, 37]"
60,BRATS_249.nii.gz_1,tensor(0.),"[82, 0]","[82, 0]","[80, 2]","[78, 4]","[82, 0]","[81, 1]","[65, 17]","[61, 21]","[28, 54]","[23, 59]"
61,BRATS_249.nii.gz_2,tensor(0.),"[69, 0]","[69, 0]","[58, 11]","[37, 32]","[69, 0]","[68, 1]","[36, 33]","[36, 33]","[17, 52]","[16, 53]"
62,BRATS_249.nii.gz_3,tensor(0.),"[64, 0]","[64, 0]","[53, 11]","[45, 19]","[64, 0]","[63, 1]","[37, 27]","[35, 29]","[20, 44]","[18, 46]"
63,BRATS_419.nii.gz_1,tensor(0.),"[61, 0]","[61, 0]","[61, 0]","[50, 11]","[61, 0]","[61, 0]","[60, 1]","[57, 4]","[22, 39]","[21, 40]"
64,BRATS_419.nii.gz_2,tensor(0.),"[35, 0]","[35, 0]","[17, 18]","[15, 20]","[35, 0]","[35, 0]","[15, 20]","[23, 12]","[9, 26]","[11, 24]"
65,BRATS_419.nii.gz_3,tensor(0.),"[55, 0]","[55, 0]","[41, 14]","[31, 24]","[55, 0]","[55, 0]","[31, 24]","[32, 23]","[20, 35]","[21, 34]"
66,BRATS_286.nii.gz_1,tensor(0.),"[64, 1]","[62, 3]","[33, 32]","[20, 45]","[65, 0]","[65, 0]","[51, 14]","[48, 17]","[24, 41]","[19, 46]"
67,BRATS_286.nii.gz_2,tensor(4.1651e-06),"[56, 0]","[54, 2]","[39, 17]","[34, 22]","[56, 0]","[56, 0]","[33, 23]","[26, 30]","[26, 30]","[22, 34]"
68,BRATS_286.nii.gz_3,tensor(0.),"[56, 0]","[54, 2]","[47, 9]","[40, 16]","[56, 0]","[56, 0]","[40, 16]","[39, 17]","[19, 37]","[19, 37]"
69,BRATS_088.nii.gz_1,tensor(0.),"[87, 0]","[86, 1]","[85, 2]","[76, 11]","[87, 0]","[87, 0]","[69, 18]","[67, 20]","[35, 52]","[33, 54]"
70,BRATS_088.nii.gz_2,tensor(0.),"[70, 0]","[69, 1]","[33, 37]","[30, 40]","[70, 0]","[70, 0]","[33, 37]","[27, 43]","[21, 49]","[21, 49]"
71,BRATS_088.nii.gz_3,tensor(0.),"[39, 0]","[39, 0]","[26, 13]","[17, 22]","[39, 0]","[39, 0]","[27, 12]","[26, 13]","[12, 27]","[12, 27]"
72,BRATS_052.nii.gz_1,tensor(0.),"[58, 0]","[58, 0]","[58, 0]","[50, 8]","[58, 0]","[58, 0]","[41, 17]","[42, 16]","[15, 43]","[16, 42]"
73,BRATS_052.nii.gz_2,tensor(0.),"[46, 0]","[46, 0]","[46, 0]","[44, 2]","[46, 0]","[46, 0]","[32, 14]","[32, 14]","[27, 19]","[25, 21]"
74,BRATS_052.nii.gz_3,tensor(0.),"[26, 0]","[26, 0]","[21, 5]","[21, 5]","[26, 0]","[26, 0]","[18, 8]","[19, 7]","[13, 13]","[13, 13]"
75,BRATS_372.nii.gz_1,tensor(0.),"[47, 0]","[47, 0]","[42, 5]","[36, 11]","[47, 0]","[47, 0]","[36, 11]","[33, 14]","[19, 28]","[17, 30]"
76,BRATS_372.nii.gz_2,tensor(0.),"[24, 0]","[24, 0]","[5, 19]","[8, 16]","[24, 0]","[24, 0]","[9, 15]","[11, 13]","[8, 16]","[9, 15]"
77,BRATS_372.nii.gz_3,tensor(0.),"[22, 0]","[22, 0]","[12, 10]","[8, 14]","[22, 0]","[22, 0]","[5, 17]","[4, 18]","[5, 17]","[6, 16]"
78,BRATS_245.nii.gz_1,tensor(0.),"[88, 0]","[85, 3]","[64, 24]","[56, 32]","[88, 0]","[88, 0]","[26, 62]","[24, 64]","[17, 71]","[18, 70]"
79,BRATS_245.nii.gz_2,tensor(0.),"[78, 0]","[77, 1]","[27, 51]","[29, 49]","[78, 0]","[78, 0]","[14, 64]","[20, 58]","[7, 71]","[9, 69]"
80,BRATS_245.nii.gz_3,tensor(0.),"[66, 0]","[63, 3]","[34, 32]","[37, 29]","[66, 0]","[66, 0]","[31, 35]","[41, 25]","[8, 58]","[17, 49]"
81,BRATS_084.nii.gz_1,tensor(0.),"[67, 0]","[67, 0]","[42, 25]","[37, 30]","[66, 1]","[65, 2]","[57, 10]","[56, 11]","[14, 53]","[20, 47]"
82,BRATS_084.nii.gz_2,tensor(0.),"[25, 0]","[25, 0]","[19, 6]","[14, 11]","[25, 0]","[25, 0]","[4, 21]","[6, 19]","[4, 21]","[5, 20]"
83,BRATS_084.nii.gz_3,tensor(0.),"[18, 0]","[18, 0]","[17, 1]","[14, 4]","[18, 0]","[18, 0]","[15, 3]","[17, 1]","[11, 7]","[11, 7]"
84,BRATS_090.nii.gz_1,tensor(0.),"[87, 2]","[84, 5]","[79, 10]","[69, 20]","[89, 0]","[89, 0]","[75, 14]","[76, 13]","[27, 62]","[26, 63]"
85,BRATS_090.nii.gz_2,tensor(0.),"[30, 10]","[34, 6]","[19, 21]","[24, 16]","[34, 6]","[34, 6]","[13, 27]","[15, 25]","[6, 34]","[11, 29]"
86,BRATS_090.nii.gz_3,tensor(0.),"[28, 0]","[28, 0]","[21, 7]","[25, 3]","[28, 0]","[28, 0]","[21, 7]","[22, 6]","[9, 19]","[6, 22]"
87,BRATS_100.nii.gz_1,tensor(0.),"[59, 0]","[58, 1]","[57, 2]","[49, 10]","[59, 0]","[59, 0]","[58, 1]","[57, 2]","[25, 34]","[23, 36]"
88,BRATS_100.nii.gz_2,tensor(0.),"[43, 0]","[43, 0]","[18, 25]","[16, 27]","[43, 0]","[43, 0]","[28, 15]","[28, 15]","[15, 28]","[17, 26]"
89,BRATS_100.nii.gz_3,tensor(0.),"[42, 0]","[42, 0]","[27, 15]","[28, 14]","[42, 0]","[42, 0]","[32, 10]","[31, 11]","[10, 32]","[9, 33]"
90,BRATS_018.nii.gz_1,tensor(0.),"[69, 0]","[69, 0]","[65, 4]","[60, 9]","[69, 0]","[69, 0]","[43, 26]","[37, 32]","[21, 48]","[20, 49]"
91,BRATS_018.nii.gz_2,tensor(0.),"[53, 0]","[53, 0]","[48, 5]","[41, 12]","[53, 0]","[53, 0]","[36, 17]","[24, 29]","[22, 31]","[18, 35]"
92,BRATS_018.nii.gz_3,tensor(0.),"[53, 0]","[53, 0]","[45, 8]","[35, 18]","[53, 0]","[53, 0]","[7, 46]","[5, 48]","[5, 48]","[5, 48]"
93,BRATS_081.nii.gz_1,tensor(0.),"[52, 0]","[52, 0]","[50, 2]","[46, 6]","[52, 0]","[52, 0]","[48, 4]","[48, 4]","[24, 28]","[23, 29]"
94,BRATS_081.nii.gz_2,tensor(0.),"[31, 0]","[31, 0]","[24, 7]","[12, 19]","[31, 0]","[31, 0]","[11, 20]","[9, 22]","[12, 19]","[14, 17]"
95,BRATS_081.nii.gz_3,tensor(0.),"[33, 0]","[33, 0]","[26, 7]","[22, 11]","[33, 0]","[33, 0]","[28, 5]","[28, 5]","[19, 14]","[20, 13]"
96,BRATS_014.nii.gz_1,tensor(0.),"[65, 0]","[63, 2]","[38, 27]","[35, 30]","[65, 0]","[65, 0]","[50, 15]","[48, 17]","[23, 42]","[18, 47]"
97,BRATS_014.nii.gz_2,tensor(0.),"[56, 0]","[55, 1]","[39, 17]","[35, 21]","[56, 0]","[56, 0]","[34, 22]","[28, 28]","[26, 30]","[19, 37]"
98,BRATS_014.nii.gz_3,tensor(0.),"[56, 0]","[55, 1]","[49, 7]","[36, 20]","[56, 0]","[56, 0]","[40, 16]","[39, 17]","[19, 37]","[17, 39]"
99,BRATS_321.nii.gz_1,tensor(0.),"[69, 0]","[68, 1]","[61, 8]","[50, 19]","[69, 0]","[69, 0]","[64, 5]","[60, 9]","[22, 47]","[21, 48]"
100,BRATS_321.nii.gz_2,tensor(0.),"[40, 0]","[39, 1]","[17, 23]","[15, 25]","[40, 0]","[40, 0]","[20, 20]","[25, 15]","[12, 28]","[13, 27]"
101,BRATS_321.nii.gz_3,tensor(0.),"[39, 0]","[38, 1]","[20, 19]","[15, 24]","[39, 0]","[39, 0]","[26, 13]","[21, 18]","[13, 26]","[10, 29]"
102,BRATS_116.nii.gz_1,tensor(0.),"[66, 0]","[66, 0]","[64, 2]","[60, 6]","[66, 0]","[66, 0]","[55, 11]","[53, 13]","[20, 46]","[19, 47]"
103,BRATS_116.nii.gz_2,tensor(0.),"[58, 0]","[57, 1]","[44, 14]","[47, 11]","[58, 0]","[58, 0]","[30, 28]","[29, 29]","[24, 34]","[26, 32]"
104,BRATS_116.nii.gz_3,tensor(0.),"[36, 1]","[37, 0]","[7, 30]","[23, 14]","[37, 0]","[37, 0]","[34, 3]","[37, 0]","[4, 33]","[25, 12]"
105,BRATS_339.nii.gz_1,tensor(0.),"[72, 1]","[73, 0]","[67, 6]","[44, 29]","[73, 0]","[73, 0]","[67, 6]","[64, 9]","[20, 53]","[16, 57]"
106,BRATS_339.nii.gz_2,tensor(0.),"[49, 0]","[49, 0]","[25, 24]","[24, 25]","[49, 0]","[49, 0]","[27, 22]","[23, 26]","[17, 32]","[18, 31]"
107,BRATS_339.nii.gz_3,tensor(0.),"[54, 0]","[54, 0]","[44, 10]","[31, 23]","[54, 0]","[54, 0]","[31, 23]","[27, 27]","[20, 34]","[17, 37]"
108,BRATS_212.nii.gz_1,tensor(0.),"[73, 0]","[73, 0]","[66, 7]","[60, 13]","[73, 0]","[73, 0]","[69, 4]","[63, 10]","[16, 57]","[12, 61]"
109,BRATS_212.nii.gz_2,tensor(0.),"[47, 0]","[47, 0]","[27, 20]","[26, 21]","[47, 0]","[47, 0]","[20, 27]","[23, 24]","[5, 42]","[17, 30]"
110,BRATS_212.nii.gz_3,tensor(0.),"[33, 0]","[33, 0]","[29, 4]","[23, 10]","[33, 0]","[33, 0]","[21, 12]","[24, 9]","[10, 23]","[8, 25]"
111,BRATS_330.nii.gz_1,tensor(0.),"[31, 0]","[31, 0]","[28, 3]","[18, 13]","[31, 0]","[31, 0]","[18, 13]","[20, 11]","[10, 21]","[11, 20]"
112,BRATS_330.nii.gz_2,tensor(0.),"[12, 0]","[12, 0]","[4, 8]","[7, 5]","[12, 0]","[12, 0]","[5, 7]","[9, 3]","[3, 9]","[6, 6]"
113,BRATS_330.nii.gz_3,tensor(0.),"[19, 0]","[19, 0]","[7, 12]","[8, 11]","[19, 0]","[19, 0]","[8, 11]","[10, 9]","[10, 9]","[8, 11]"
114,BRATS_041.nii.gz_1,tensor(0.),"[75, 0]","[74, 1]","[73, 2]","[71, 4]","[75, 0]","[75, 0]","[55, 20]","[54, 21]","[23, 52]","[22, 53]"
115,BRATS_041.nii.gz_2,tensor(0.),"[70, 0]","[69, 1]","[53, 17]","[47, 23]","[70, 0]","[70, 0]","[36, 34]","[26, 44]","[26, 44]","[21, 49]"
116,BRATS_041.nii.gz_3,tensor(0.),"[71, 0]","[70, 1]","[41, 30]","[39, 32]","[71, 0]","[71, 0]","[37, 34]","[49, 22]","[9, 62]","[19, 52]"
117,BRATS_457.nii.gz_1,tensor(0.0125),"[54, 0]","[53, 1]","[45, 9]","[45, 9]","[54, 0]","[54, 0]","[48, 6]","[46, 8]","[21, 33]","[22, 32]"
118,BRATS_457.nii.gz_2,tensor(0.0025),"[0, 0]","[0, 0]","[0, 0]","[0, 0]","[0, 0]","[0, 0]","[0, 0]","[0, 0]","[0, 0]","[0, 0]"
119,BRATS_457.nii.gz_3,tensor(0.),"[18, 0]","[17, 1]","[6, 12]","[5, 13]","[18, 0]","[18, 0]","[12, 6]","[11, 7]","[5, 13]","[6, 12]"
120,BRATS_411.nii.gz_1,tensor(0.1503),"[65, 4]","[69, 0]","[60, 9]","[47, 22]","[69, 0]","[69, 0]","[66, 3]","[62, 7]","[18, 51]","[18, 51]"
121,BRATS_411.nii.gz_2,tensor(0.),"[42, 0]","[42, 0]","[23, 19]","[19, 23]","[42, 0]","[42, 0]","[24, 18]","[27, 15]","[7, 35]","[7, 35]"
122,BRATS_411.nii.gz_3,tensor(0.),"[56, 0]","[56, 0]","[52, 4]","[46, 10]","[56, 0]","[56, 0]","[38, 18]","[37, 19]","[21, 35]","[20, 36]"
123,BRATS_229.nii.gz_1,tensor(0.),"[63, 0]","[63, 0]","[62, 1]","[55, 8]","[63, 0]","[63, 0]","[46, 17]","[47, 16]","[22, 41]","[21, 42]"
124,BRATS_229.nii.gz_2,tensor(0.),"[50, 0]","[50, 0]","[43, 7]","[43, 7]","[50, 0]","[50, 0]","[25, 25]","[23, 27]","[20, 30]","[19, 31]"
125,BRATS_229.nii.gz_3,tensor(0.),"[50, 0]","[50, 0]","[49, 1]","[40, 10]","[50, 0]","[50, 0]","[37, 13]","[33, 17]","[17, 33]","[15, 35]"
126,BRATS_254.nii.gz_1,tensor(0.),"[69, 0]","[69, 0]","[66, 3]","[65, 4]","[69, 0]","[69, 0]","[56, 13]","[57, 12]","[11, 58]","[17, 52]"
127,BRATS_254.nii.gz_2,tensor(0.),"[45, 0]","[45, 0]","[36, 9]","[43, 2]","[45, 0]","[45, 0]","[27, 18]","[33, 12]","[16, 29]","[22, 23]"
128,BRATS_254.nii.gz_3,tensor(0.),"[8, 0]","[8, 0]","[0, 8]","[8, 0]","[8, 0]","[8, 0]","[7, 1]","[8, 0]","[1, 7]","[8, 0]"
129,BRATS_001.nii.gz_1,tensor(0.),"[66, 1]","[66, 1]","[50, 17]","[49, 18]","[67, 0]","[66, 1]","[59, 8]","[59, 8]","[31, 36]","[28, 39]"
130,BRATS_001.nii.gz_2,tensor(0.),"[48, 1]","[48, 1]","[41, 8]","[40, 9]","[49, 0]","[48, 1]","[29, 20]","[28, 21]","[17, 32]","[16, 33]"
131,BRATS_001.nii.gz_3,tensor(0.),"[50, 1]","[50, 1]","[44, 7]","[34, 17]","[51, 0]","[50, 1]","[29, 22]","[24, 27]","[18, 33]","[12, 39]"
132,BRATS_430.nii.gz_1,tensor(0.),"[71, 0]","[71, 0]","[71, 0]","[56, 15]","[71, 0]","[71, 0]","[37, 34]","[34, 37]","[11, 60]","[13, 58]"
133,BRATS_430.nii.gz_2,tensor(0.),"[16, 0]","[16, 0]","[5, 11]","[4, 12]","[16, 0]","[16, 0]","[9, 7]","[7, 9]","[8, 8]","[7, 9]"
134,BRATS_430.nii.gz_3,tensor(0.),"[21, 0]","[21, 0]","[12, 9]","[12, 9]","[21, 0]","[21, 0]","[8, 13]","[7, 14]","[10, 11]","[7, 14]"
135,BRATS_148.nii.gz_1,tensor(0.),"[70, 0]","[68, 2]","[64, 6]","[60, 10]","[70, 0]","[70, 0]","[49, 21]","[44, 26]","[24, 46]","[25, 45]"
136,BRATS_148.nii.gz_2,tensor(0.),"[55, 0]","[54, 1]","[43, 12]","[37, 18]","[55, 0]","[55, 0]","[33, 22]","[33, 22]","[21, 34]","[16, 39]"
137,BRATS_148.nii.gz_3,tensor(0.),"[37, 0]","[36, 1]","[27, 10]","[26, 11]","[37, 0]","[37, 0]","[30, 7]","[27, 10]","[14, 23]","[11, 26]"
138,BRATS_030.nii.gz_1,tensor(0.),"[37, 0]","[37, 0]","[35, 2]","[29, 8]","[37, 0]","[37, 0]","[17, 20]","[16, 21]","[6, 31]","[6, 31]"
139,BRATS_030.nii.gz_2,tensor(0.),"[31, 0]","[31, 0]","[31, 0]","[30, 1]","[31, 0]","[31, 0]","[16, 15]","[15, 16]","[13, 18]","[14, 17]"
140,BRATS_443.nii.gz_1,tensor(0.0435),"[37, 0]","[37, 0]","[18, 19]","[20, 17]","[37, 0]","[37, 0]","[32, 5]","[27, 10]","[8, 29]","[9, 28]"
141,BRATS_443.nii.gz_2,tensor(0.0364),"[21, 0]","[21, 0]","[9, 12]","[5, 16]","[21, 0]","[21, 0]","[6, 15]","[7, 14]","[8, 13]","[7, 14]"
142,BRATS_443.nii.gz_3,tensor(0.),"[26, 0]","[26, 0]","[8, 18]","[7, 19]","[26, 0]","[26, 0]","[11, 15]","[13, 13]","[10, 16]","[8, 18]"
143,BRATS_361.nii.gz_1,tensor(0.),"[85, 0]","[83, 2]","[75, 10]","[67, 18]","[85, 0]","[85, 0]","[59, 26]","[59, 26]","[25, 60]","[26, 59]"
144,BRATS_361.nii.gz_2,tensor(0.),"[42, 0]","[42, 0]","[27, 15]","[29, 13]","[42, 0]","[42, 0]","[25, 17]","[24, 18]","[20, 22]","[22, 20]"
145,BRATS_361.nii.gz_3,tensor(0.),"[48, 0]","[48, 0]","[41, 7]","[37, 11]","[48, 0]","[48, 0]","[25, 23]","[25, 23]","[18, 30]","[19, 29]"
146,BRATS_429.nii.gz_1,tensor(0.),"[42, 0]","[42, 0]","[40, 2]","[36, 6]","[42, 0]","[42, 0]","[41, 1]","[42, 0]","[30, 12]","[29, 13]"
147,BRATS_429.nii.gz_2,tensor(0.),"[26, 0]","[26, 0]","[13, 13]","[8, 18]","[26, 0]","[26, 0]","[10, 16]","[12, 14]","[5, 21]","[6, 20]"
148,BRATS_429.nii.gz_3,tensor(0.),"[31, 0]","[31, 0]","[26, 5]","[22, 9]","[31, 0]","[31, 0]","[19, 12]","[18, 13]","[16, 15]","[16, 15]"
149,BRATS_301.nii.gz_1,tensor(0.0101),"[46, 1]","[45, 2]","[40, 7]","[35, 12]","[47, 0]","[47, 0]","[41, 6]","[39, 8]","[18, 29]","[18, 29]"
150,BRATS_301.nii.gz_2,tensor(0.),"[26, 1]","[26, 1]","[13, 14]","[13, 14]","[27, 0]","[27, 0]","[18, 9]","[17, 10]","[9, 18]","[11, 16]"
151,BRATS_301.nii.gz_3,tensor(0.),"[19, 1]","[19, 1]","[12, 8]","[9, 11]","[20, 0]","[20, 0]","[14, 6]","[9, 11]","[11, 9]","[10, 10]"
152,BRATS_222.nii.gz_1,tensor(0.),"[60, 0]","[60, 0]","[60, 0]","[46, 14]","[60, 0]","[60, 0]","[48, 12]","[52, 8]","[29, 31]","[29, 31]"
153,BRATS_222.nii.gz_2,tensor(0.),"[33, 0]","[33, 0]","[23, 10]","[25, 8]","[33, 0]","[33, 0]","[16, 17]","[13, 20]","[9, 24]","[10, 23]"
154,BRATS_222.nii.gz_3,tensor(0.),"[29, 0]","[29, 0]","[20, 9]","[23, 6]","[29, 0]","[29, 0]","[17, 12]","[18, 11]","[10, 19]","[13, 16]"
155,BRATS_190.nii.gz_1,tensor(0.),"[57, 0]","[57, 0]","[54, 3]","[50, 7]","[57, 0]","[57, 0]","[41, 16]","[37, 20]","[24, 33]","[25, 32]"
156,BRATS_190.nii.gz_2,tensor(0.),"[34, 0]","[34, 0]","[25, 9]","[27, 7]","[34, 0]","[34, 0]","[18, 16]","[15, 19]","[13, 21]","[12, 22]"
157,BRATS_190.nii.gz_3,tensor(0.),"[32, 0]","[32, 0]","[27, 5]","[28, 4]","[32, 0]","[32, 0]","[24, 8]","[22, 10]","[11, 21]","[11, 21]"
158,BRATS_220.nii.gz_1,tensor(0.),"[58, 0]","[57, 1]","[55, 3]","[55, 3]","[58, 0]","[58, 0]","[51, 7]","[46, 12]","[24, 34]","[24, 34]"
159,BRATS_220.nii.gz_2,tensor(0.),"[33, 0]","[32, 1]","[12, 21]","[11, 22]","[33, 0]","[33, 0]","[14, 19]","[21, 12]","[4, 29]","[5, 28]"
160,BRATS_220.nii.gz_3,tensor(0.),"[24, 0]","[23, 1]","[9, 15]","[11, 13]","[24, 0]","[24, 0]","[18, 6]","[21, 3]","[5, 19]","[7, 17]"
161,BRATS_252.nii.gz_1,tensor(0.),"[51, 0]","[51, 0]","[48, 3]","[46, 5]","[51, 0]","[51, 0]","[44, 7]","[45, 6]","[24, 27]","[23, 28]"
162,BRATS_252.nii.gz_2,tensor(0.),"[37, 0]","[37, 0]","[28, 9]","[13, 24]","[37, 0]","[37, 0]","[14, 23]","[18, 19]","[3, 34]","[5, 32]"
163,BRATS_252.nii.gz_3,tensor(0.),"[39, 0]","[39, 0]","[30, 9]","[27, 12]","[39, 0]","[39, 0]","[28, 11]","[31, 8]","[18, 21]","[22, 17]"
164,BRATS_268.nii.gz_1,tensor(0.),"[74, 0]","[74, 0]","[73, 1]","[63, 11]","[74, 0]","[74, 0]","[67, 7]","[68, 6]","[29, 45]","[23, 51]"
165,BRATS_268.nii.gz_2,tensor(0.),"[56, 0]","[56, 0]","[50, 6]","[42, 14]","[56, 0]","[56, 0]","[34, 22]","[33, 23]","[16, 40]","[19, 37]"
166,BRATS_268.nii.gz_3,tensor(0.),"[13, 0]","[13, 0]","[2, 11]","[7, 6]","[13, 0]","[13, 0]","[13, 0]","[13, 0]","[2, 11]","[7, 6]"
167,BRATS_127.nii.gz_1,tensor(0.),"[44, 0]","[44, 0]","[39, 5]","[26, 18]","[44, 0]","[44, 0]","[30, 14]","[26, 18]","[6, 38]","[6, 38]"
168,BRATS_127.nii.gz_2,tensor(0.),"[36, 0]","[36, 0]","[26, 10]","[25, 11]","[36, 0]","[36, 0]","[17, 19]","[19, 17]","[16, 20]","[11, 25]"
169,BRATS_127.nii.gz_3,tensor(0.),"[37, 0]","[37, 0]","[25, 12]","[19, 18]","[37, 0]","[37, 0]","[21, 16]","[18, 19]","[14, 23]","[14, 23]"
170,BRATS_073.nii.gz_1,tensor(0.),"[62, 0]","[62, 0]","[62, 0]","[60, 2]","[62, 0]","[62, 0]","[44, 18]","[43, 19]","[19, 43]","[19, 43]"
171,BRATS_073.nii.gz_2,tensor(0.),"[34, 0]","[34, 0]","[9, 25]","[12, 22]","[34, 0]","[34, 0]","[13, 21]","[15, 19]","[4, 30]","[9, 25]"
172,BRATS_073.nii.gz_3,tensor(0.),"[7, 0]","[7, 0]","[0, 7]","[3, 4]","[7, 0]","[7, 0]","[7, 0]","[7, 0]","[1, 6]","[3, 4]"
173,BRATS_003.nii.gz_1,tensor(0.),"[74, 1]","[74, 1]","[63, 12]","[61, 14]","[75, 0]","[75, 0]","[42, 33]","[44, 31]","[25, 50]","[25, 50]"
174,BRATS_003.nii.gz_2,tensor(0.),"[28, 0]","[28, 0]","[5, 23]","[5, 23]","[28, 0]","[28, 0]","[9, 19]","[11, 17]","[6, 22]","[5, 23]"
175,BRATS_003.nii.gz_3,tensor(0.),"[28, 0]","[28, 0]","[23, 5]","[23, 5]","[28, 0]","[28, 0]","[13, 15]","[15, 13]","[12, 16]","[12, 16]"
176,BRATS_315.nii.gz_1,tensor(0.0002),"[44, 0]","[43, 1]","[34, 10]","[30, 14]","[44, 0]","[44, 0]","[34, 10]","[31, 13]","[22, 22]","[21, 23]"
177,BRATS_315.nii.gz_2,tensor(0.),"[20, 0]","[19, 1]","[15, 5]","[12, 8]","[20, 0]","[20, 0]","[7, 13]","[8, 12]","[7, 13]","[7, 13]"
178,BRATS_315.nii.gz_3,tensor(0.),"[19, 0]","[18, 1]","[15, 4]","[16, 3]","[19, 0]","[19, 0]","[10, 9]","[12, 7]","[11, 8]","[8, 11]"
179,BRATS_240.nii.gz_1,tensor(0.),"[85, 0]","[85, 0]","[84, 1]","[78, 7]","[85, 0]","[85, 0]","[64, 21]","[63, 22]","[19, 66]","[16, 69]"
180,BRATS_240.nii.gz_2,tensor(0.),"[49, 0]","[49, 0]","[43, 6]","[27, 22]","[49, 0]","[49, 0]","[18, 31]","[21, 28]","[8, 41]","[7, 42]"
181,BRATS_240.nii.gz_3,tensor(0.),"[46, 0]","[46, 0]","[41, 5]","[42, 4]","[46, 0]","[46, 0]","[40, 6]","[41, 5]","[13, 33]","[14, 32]"
182,BRATS_425.nii.gz_1,tensor(0.0058),"[43, 0]","[43, 0]","[26, 17]","[19, 24]","[43, 0]","[43, 0]","[23, 20]","[22, 21]","[6, 37]","[6, 37]"
183,BRATS_425.nii.gz_2,tensor(0.0680),"[34, 0]","[34, 0]","[14, 20]","[19, 15]","[34, 0]","[34, 0]","[21, 13]","[18, 16]","[14, 20]","[14, 20]"
184,BRATS_425.nii.gz_3,tensor(0.),"[37, 0]","[37, 0]","[26, 11]","[22, 15]","[37, 0]","[37, 0]","[18, 19]","[19, 18]","[11, 26]","[11, 26]"
185,BRATS_349.nii.gz_1,tensor(0.),"[54, 0]","[54, 0]","[47, 7]","[41, 13]","[54, 0]","[54, 0]","[43, 11]","[44, 10]","[21, 33]","[19, 35]"
186,BRATS_349.nii.gz_2,tensor(0.),"[33, 0]","[33, 0]","[11, 22]","[13, 20]","[33, 0]","[33, 0]","[17, 16]","[20, 13]","[11, 22]","[14, 19]"
187,BRATS_349.nii.gz_3,tensor(0.),"[35, 0]","[35, 0]","[14, 21]","[13, 22]","[35, 0]","[35, 0]","[20, 15]","[22, 13]","[8, 27]","[7, 28]"
188,BRATS_297.nii.gz_1,tensor(0.),"[45, 0]","[45, 0]","[45, 0]","[37, 8]","[45, 0]","[45, 0]","[36, 9]","[36, 9]","[29, 16]","[25, 20]"
189,BRATS_297.nii.gz_2,tensor(0.),"[10, 0]","[10, 0]","[1, 9]","[4, 6]","[10, 0]","[10, 0]","[3, 7]","[5, 5]","[3, 7]","[6, 4]"
190,BRATS_297.nii.gz_3,tensor(0.),"[12, 0]","[12, 0]","[4, 8]","[4, 8]","[12, 0]","[12, 0]","[8, 4]","[8, 4]","[7, 5]","[7, 5]"
191,BRATS_266.nii.gz_1,tensor(0.),"[62, 0]","[60, 2]","[61, 1]","[55, 7]","[62, 0]","[62, 0]","[44, 18]","[40, 22]","[7, 55]","[7, 55]"
192,BRATS_266.nii.gz_2,tensor(0.),"[55, 0]","[53, 2]","[54, 1]","[54, 1]","[55, 0]","[55, 0]","[32, 23]","[30, 25]","[21, 34]","[19, 36]"
193,BRATS_266.nii.gz_3,tensor(0.),"[53, 0]","[51, 2]","[50, 3]","[48, 5]","[53, 0]","[53, 0]","[48, 5]","[46, 7]","[10, 43]","[10, 43]"
194,BRATS_007.nii.gz_1,tensor(0.),"[51, 0]","[51, 0]","[50, 1]","[43, 8]","[51, 0]","[51, 0]","[39, 12]","[41, 10]","[17, 34]","[15, 36]"
195,BRATS_007.nii.gz_2,tensor(0.),"[31, 0]","[31, 0]","[10, 21]","[12, 19]","[31, 0]","[31, 0]","[14, 17]","[15, 16]","[7, 24]","[6, 25]"
196,BRATS_007.nii.gz_3,tensor(0.),"[33, 0]","[33, 0]","[31, 2]","[26, 7]","[33, 0]","[33, 0]","[17, 16]","[17, 16]","[16, 17]","[15, 18]"
197,BRATS_344.nii.gz_1,tensor(0.),"[64, 0]","[62, 2]","[27, 37]","[26, 38]","[64, 0]","[64, 0]","[38, 26]","[39, 25]","[17, 47]","[16, 48]"
198,BRATS_344.nii.gz_2,tensor(6.8375e-07),"[51, 0]","[50, 1]","[34, 17]","[23, 28]","[51, 0]","[51, 0]","[25, 26]","[20, 31]","[15, 36]","[13, 38]"
199,BRATS_344.nii.gz_3,tensor(0.0069),"[53, 0]","[52, 1]","[38, 15]","[25, 28]","[53, 0]","[53, 0]","[42, 11]","[30, 23]","[21, 32]","[13, 40]"
200,BRATS_441.nii.gz_1,tensor(0.),"[63, 8]","[70, 1]","[64, 7]","[60, 11]","[71, 0]","[71, 0]","[56, 15]","[58, 13]","[31, 40]","[29, 42]"
201,BRATS_441.nii.gz_2,tensor(0.),"[25, 6]","[30, 1]","[8, 23]","[7, 24]","[30, 1]","[31, 0]","[19, 12]","[17, 14]","[6, 25]","[7, 24]"
202,BRATS_441.nii.gz_3,tensor(0.),"[30, 13]","[39, 4]","[21, 22]","[17, 26]","[40, 3]","[40, 3]","[31, 12]","[25, 18]","[10, 33]","[9, 34]"
203,BRATS_267.nii.gz_1,tensor(0.),"[49, 0]","[48, 1]","[46, 3]","[44, 5]","[49, 0]","[49, 0]","[36, 13]","[35, 14]","[12, 37]","[10, 39]"
204,BRATS_267.nii.gz_2,tensor(0.),"[39, 0]","[38, 1]","[22, 17]","[17, 22]","[39, 0]","[39, 0]","[9, 30]","[11, 28]","[5, 34]","[5, 34]"
205,BRATS_267.nii.gz_3,tensor(0.),"[36, 0]","[35, 1]","[33, 3]","[16, 20]","[36, 0]","[36, 0]","[24, 12]","[21, 15]","[10, 26]","[11, 25]"
206,BRATS_165.nii.gz_1,tensor(0.),"[75, 0]","[72, 3]","[72, 3]","[67, 8]","[75, 0]","[75, 0]","[55, 20]","[53, 22]","[29, 46]","[29, 46]"
207,BRATS_165.nii.gz_2,tensor(0.),"[28, 0]","[28, 0]","[8, 20]","[4, 24]","[28, 0]","[28, 0]","[5, 23]","[4, 24]","[3, 25]","[3, 25]"
208,BRATS_165.nii.gz_3,tensor(0.),"[25, 0]","[25, 0]","[16, 9]","[7, 18]","[25, 0]","[25, 0]","[11, 14]","[12, 13]","[9, 16]","[6, 19]"
209,BRATS_037.nii.gz_1,tensor(0.),"[66, 0]","[66, 0]","[59, 7]","[50, 16]","[66, 0]","[66, 0]","[55, 11]","[56, 10]","[18, 48]","[16, 50]"
210,BRATS_037.nii.gz_2,tensor(0.),"[40, 0]","[40, 0]","[18, 22]","[13, 27]","[40, 0]","[40, 0]","[23, 17]","[18, 22]","[12, 28]","[10, 30]"
211,BRATS_037.nii.gz_3,tensor(0.),"[39, 0]","[39, 0]","[20, 19]","[13, 26]","[39, 0]","[39, 0]","[21, 18]","[20, 19]","[13, 26]","[13, 26]"
212,BRATS_111.nii.gz_1,tensor(0.),"[52, 0]","[52, 0]","[52, 0]","[51, 1]","[52, 0]","[52, 0]","[52, 0]","[51, 1]","[17, 35]","[15, 37]"
213,BRATS_111.nii.gz_2,tensor(0.),"[32, 0]","[32, 0]","[23, 9]","[22, 10]","[32, 0]","[32, 0]","[20, 12]","[24, 8]","[12, 20]","[11, 21]"
214,BRATS_111.nii.gz_3,tensor(0.),"[30, 0]","[30, 0]","[19, 11]","[14, 16]","[30, 0]","[30, 0]","[21, 9]","[18, 12]","[7, 23]","[8, 22]"
215,BRATS_054.nii.gz_1,tensor(0.),"[61, 0]","[61, 0]","[58, 3]","[53, 8]","[61, 0]","[61, 0]","[39, 22]","[41, 20]","[24, 37]","[23, 38]"
216,BRATS_054.nii.gz_2,tensor(0.),"[48, 0]","[48, 0]","[42, 6]","[35, 13]","[48, 0]","[48, 0]","[35, 13]","[29, 19]","[12, 36]","[10, 38]"
217,BRATS_054.nii.gz_3,tensor(0.),"[43, 0]","[43, 0]","[22, 21]","[18, 25]","[43, 0]","[43, 0]","[28, 15]","[34, 9]","[10, 33]","[16, 27]"
218,BRATS_235.nii.gz_1,tensor(0.),"[55, 0]","[54, 1]","[52, 3]","[44, 11]","[55, 0]","[55, 0]","[31, 24]","[29, 26]","[12, 43]","[13, 42]"
219,BRATS_235.nii.gz_2,tensor(0.),"[46, 0]","[45, 1]","[28, 18]","[16, 30]","[46, 0]","[46, 0]","[11, 35]","[15, 31]","[9, 37]","[12, 34]"
220,BRATS_235.nii.gz_3,tensor(0.),"[46, 0]","[45, 1]","[37, 9]","[37, 9]","[46, 0]","[46, 0]","[35, 11]","[39, 7]","[10, 36]","[11, 35]"
221,BRATS_450.nii.gz_1,tensor(0.0724),"[48, 1]","[46, 3]","[29, 20]","[25, 24]","[49, 0]","[49, 0]","[40, 9]","[37, 12]","[20, 29]","[18, 31]"
222,BRATS_450.nii.gz_2,tensor(0.0434),"[29, 0]","[27, 2]","[15, 14]","[16, 13]","[29, 0]","[29, 0]","[17, 12]","[16, 13]","[13, 16]","[11, 18]"
223,BRATS_450.nii.gz_3,tensor(0.),"[33, 1]","[31, 3]","[27, 7]","[26, 8]","[34, 0]","[34, 0]","[25, 9]","[27, 7]","[16, 18]","[17, 17]"
224,BRATS_189.nii.gz_1,tensor(0.),"[63, 0]","[62, 1]","[42, 21]","[42, 21]","[63, 0]","[63, 0]","[40, 23]","[39, 24]","[19, 44]","[13, 50]"
225,BRATS_189.nii.gz_2,tensor(0.),"[45, 0]","[44, 1]","[9, 36]","[10, 35]","[45, 0]","[45, 0]","[24, 21]","[22, 23]","[6, 39]","[7, 38]"
226,BRATS_189.nii.gz_3,tensor(0.),"[21, 0]","[20, 1]","[4, 17]","[6, 15]","[21, 0]","[21, 0]","[14, 7]","[21, 0]","[3, 18]","[6, 15]"
227,BRATS_175.nii.gz_1,tensor(0.),"[35, 1]","[36, 0]","[23, 13]","[22, 14]","[36, 0]","[36, 0]","[31, 5]","[27, 9]","[11, 25]","[15, 21]"
228,BRATS_175.nii.gz_2,tensor(0.),"[16, 0]","[16, 0]","[6, 10]","[3, 13]","[16, 0]","[16, 0]","[7, 9]","[13, 3]","[2, 14]","[3, 13]"
229,BRATS_350.nii.gz_1,tensor(0.),"[65, 0]","[65, 0]","[56, 9]","[45, 20]","[65, 0]","[65, 0]","[51, 14]","[46, 19]","[12, 53]","[9, 56]"
230,BRATS_350.nii.gz_2,tensor(0.),"[50, 0]","[50, 0]","[18, 32]","[19, 31]","[50, 0]","[50, 0]","[16, 34]","[23, 27]","[8, 42]","[11, 39]"
231,BRATS_350.nii.gz_3,tensor(0.),"[57, 0]","[57, 0]","[40, 17]","[36, 21]","[57, 0]","[57, 0]","[24, 33]","[25, 32]","[9, 48]","[9, 48]"
232,BRATS_359.nii.gz_1,tensor(0.),"[33, 0]","[32, 1]","[33, 0]","[32, 1]","[33, 0]","[33, 0]","[29, 4]","[28, 5]","[20, 13]","[18, 15]"
233,BRATS_359.nii.gz_2,tensor(0.),"[11, 0]","[11, 0]","[2, 9]","[4, 7]","[11, 0]","[11, 0]","[3, 8]","[4, 7]","[3, 8]","[5, 6]"
234,BRATS_359.nii.gz_3,tensor(0.),"[11, 0]","[11, 0]","[6, 5]","[5, 6]","[11, 0]","[11, 0]","[4, 7]","[4, 7]","[3, 8]","[4, 7]"
235,BRATS_223.nii.gz_1,tensor(0.),"[80, 7]","[83, 4]","[85, 2]","[76, 11]","[87, 0]","[87, 0]","[68, 19]","[62, 25]","[34, 53]","[34, 53]"
236,BRATS_223.nii.gz_2,tensor(0.),"[66, 2]","[64, 4]","[48, 20]","[34, 34]","[68, 0]","[68, 0]","[37, 31]","[40, 28]","[12, 56]","[12, 56]"
237,BRATS_223.nii.gz_3,tensor(0.),"[34, 0]","[34, 0]","[18, 16]","[15, 19]","[34, 0]","[34, 0]","[23, 11]","[23, 11]","[10, 24]","[12, 22]"
238,BRATS_299.nii.gz_1,tensor(0.),"[43, 1]","[43, 1]","[22, 22]","[19, 25]","[44, 0]","[44, 0]","[20, 24]","[24, 20]","[6, 38]","[6, 38]"
239,BRATS_299.nii.gz_2,tensor(0.),"[34, 1]","[34, 1]","[9, 26]","[6, 29]","[35, 0]","[35, 0]","[11, 24]","[15, 20]","[7, 28]","[9, 26]"
240,BRATS_299.nii.gz_3,tensor(0.),"[36, 1]","[36, 1]","[21, 16]","[14, 23]","[37, 0]","[37, 0]","[14, 23]","[12, 25]","[6, 31]","[6, 31]"
241,BRATS_314.nii.gz_1,tensor(0.),"[60, 0]","[57, 3]","[45, 15]","[46, 14]","[60, 0]","[60, 0]","[45, 15]","[45, 15]","[26, 34]","[24, 36]"
242,BRATS_314.nii.gz_2,tensor(0.),"[57, 0]","[54, 3]","[35, 22]","[33, 24]","[57, 0]","[57, 0]","[41, 16]","[34, 23]","[35, 22]","[27, 30]"
243,BRATS_314.nii.gz_3,tensor(0.),"[53, 0]","[50, 3]","[38, 15]","[29, 24]","[53, 0]","[53, 0]","[27, 26]","[22, 31]","[21, 32]","[16, 37]"
244,BRATS_351.nii.gz_1,tensor(0.),"[63, 0]","[62, 1]","[53, 10]","[54, 9]","[63, 0]","[63, 0]","[50, 13]","[47, 16]","[27, 36]","[24, 39]"
245,BRATS_351.nii.gz_2,tensor(0.),"[26, 0]","[25, 1]","[10, 16]","[9, 17]","[26, 0]","[26, 0]","[10, 16]","[10, 16]","[5, 21]","[8, 18]"
246,BRATS_351.nii.gz_3,tensor(0.),"[28, 0]","[27, 1]","[13, 15]","[15, 13]","[28, 0]","[28, 0]","[15, 13]","[14, 14]","[9, 19]","[11, 17]"
247,BRATS_230.nii.gz_1,tensor(0.),"[40, 0]","[39, 1]","[31, 9]","[30, 10]","[40, 0]","[40, 0]","[23, 17]","[22, 18]","[8, 32]","[8, 32]"
248,BRATS_230.nii.gz_2,tensor(0.),"[29, 0]","[28, 1]","[18, 11]","[20, 9]","[29, 0]","[29, 0]","[12, 17]","[20, 9]","[11, 18]","[14, 15]"
249,BRATS_230.nii.gz_3,tensor(0.),"[0, 0]","[0, 0]","[0, 0]","[0, 0]","[0, 0]","[0, 0]","[0, 0]","[0, 0]","[0, 0]","[0, 0]"
250,BRATS_447.nii.gz_1,tensor(0.),"[52, 0]","[52, 0]","[52, 0]","[52, 0]","[52, 0]","[52, 0]","[50, 2]","[47, 5]","[21, 31]","[21, 31]"
251,BRATS_447.nii.gz_2,tensor(0.0146),"[46, 0]","[46, 0]","[37, 9]","[27, 19]","[46, 0]","[46, 0]","[28, 18]","[27, 19]","[12, 34]","[9, 37]"
252,BRATS_447.nii.gz_3,tensor(0.),"[44, 0]","[44, 0]","[37, 7]","[26, 18]","[44, 0]","[44, 0]","[33, 11]","[28, 16]","[10, 34]","[9, 35]"
253,BRATS_373.nii.gz_1,tensor(0.),"[22, 0]","[22, 0]","[19, 3]","[15, 7]","[22, 0]","[22, 0]","[6, 16]","[9, 13]","[5, 17]","[3, 19]"
254,BRATS_373.nii.gz_2,tensor(0.),"[14, 0]","[14, 0]","[9, 5]","[10, 4]","[14, 0]","[14, 0]","[5, 9]","[4, 10]","[2, 12]","[2, 12]"
255,BRATS_373.nii.gz_3,tensor(0.),"[14, 0]","[14, 0]","[10, 4]","[7, 7]","[14, 0]","[14, 0]","[6, 8]","[8, 6]","[4, 10]","[4, 10]"
256,BRATS_065.nii.gz_1,tensor(0.),"[92, 11]","[103, 0]","[86, 17]","[74, 29]","[103, 0]","[103, 0]","[53, 50]","[52, 51]","[20, 83]","[21, 82]"
257,BRATS_065.nii.gz_2,tensor(0.),"[80, 1]","[81, 0]","[41, 40]","[38, 43]","[81, 0]","[80, 1]","[34, 47]","[33, 48]","[24, 57]","[17, 64]"
258,BRATS_065.nii.gz_3,tensor(0.),"[71, 1]","[72, 0]","[37, 35]","[23, 49]","[72, 0]","[71, 1]","[49, 23]","[49, 23]","[9, 63]","[12, 60]"
259,BRATS_218.nii.gz_1,tensor(0.),"[60, 0]","[59, 1]","[49, 11]","[37, 23]","[60, 0]","[60, 0]","[49, 11]","[48, 12]","[9, 51]","[10, 50]"
260,BRATS_218.nii.gz_2,tensor(0.),"[60, 0]","[59, 1]","[52, 8]","[50, 10]","[60, 0]","[60, 0]","[34, 26]","[35, 25]","[23, 37]","[23, 37]"
261,BRATS_218.nii.gz_3,tensor(0.),"[41, 0]","[41, 0]","[19, 22]","[16, 25]","[41, 0]","[41, 0]","[21, 20]","[37, 4]","[2, 39]","[9, 32]"
262,BRATS_221.nii.gz_1,tensor(0.0039),"[48, 0]","[48, 0]","[41, 7]","[43, 5]","[48, 0]","[48, 0]","[23, 25]","[22, 26]","[16, 32]","[17, 31]"
263,BRATS_221.nii.gz_2,tensor(0.),"[33, 0]","[33, 0]","[15, 18]","[7, 26]","[33, 0]","[33, 0]","[17, 16]","[16, 17]","[10, 23]","[6, 27]"
264,BRATS_221.nii.gz_3,tensor(0.),"[29, 0]","[29, 0]","[14, 15]","[13, 16]","[29, 0]","[29, 0]","[21, 8]","[19, 10]","[16, 13]","[15, 14]"
265,BRATS_312.nii.gz_1,tensor(0.0031),"[49, 0]","[49, 0]","[42, 7]","[28, 21]","[49, 0]","[49, 0]","[48, 1]","[45, 4]","[27, 22]","[24, 25]"
266,BRATS_312.nii.gz_2,tensor(0.),"[5, 0]","[5, 0]","[1, 4]","[1, 4]","[5, 0]","[5, 0]","[2, 3]","[4, 1]","[0, 5]","[1, 4]"
267,BRATS_312.nii.gz_3,tensor(0.),"[19, 0]","[19, 0]","[5, 14]","[6, 13]","[19, 0]","[19, 0]","[4, 15]","[8, 11]","[3, 16]","[6, 13]"
268,BRATS_199.nii.gz_1,tensor(0.),"[44, 0]","[44, 0]","[39, 5]","[32, 12]","[44, 0]","[44, 0]","[37, 7]","[33, 11]","[25, 19]","[23, 21]"
269,BRATS_199.nii.gz_2,tensor(0.),"[32, 0]","[32, 0]","[14, 18]","[10, 22]","[32, 0]","[32, 0]","[11, 21]","[12, 20]","[13, 19]","[14, 18]"
270,BRATS_199.nii.gz_3,tensor(0.),"[33, 0]","[33, 0]","[23, 10]","[18, 15]","[33, 0]","[33, 0]","[16, 17]","[18, 15]","[10, 23]","[12, 21]"
271,BRATS_389.nii.gz_1,tensor(0.),"[70, 0]","[70, 0]","[70, 0]","[56, 14]","[70, 0]","[70, 0]","[64, 6]","[64, 6]","[28, 42]","[26, 44]"
272,BRATS_389.nii.gz_2,tensor(0.),"[20, 0]","[20, 0]","[16, 4]","[13, 7]","[20, 0]","[20, 0]","[15, 5]","[14, 6]","[9, 11]","[9, 11]"
273,BRATS_389.nii.gz_3,tensor(0.),"[38, 0]","[38, 0]","[17, 21]","[16, 22]","[38, 0]","[38, 0]","[29, 9]","[32, 6]","[13, 25]","[16, 22]"
274,BRATS_197.nii.gz_1,tensor(0.),"[69, 1]","[69, 1]","[69, 1]","[67, 3]","[70, 0]","[70, 0]","[62, 8]","[54, 16]","[16, 54]","[18, 52]"
275,BRATS_197.nii.gz_2,tensor(0.),"[56, 1]","[56, 1]","[44, 13]","[35, 22]","[57, 0]","[57, 0]","[27, 30]","[26, 31]","[15, 42]","[17, 40]"
276,BRATS_197.nii.gz_3,tensor(0.),"[49, 1]","[49, 1]","[16, 34]","[30, 20]","[50, 0]","[50, 0]","[33, 17]","[43, 7]","[8, 42]","[20, 30]"
277,BRATS_129.nii.gz_1,tensor(0.),"[77, 0]","[77, 0]","[73, 4]","[72, 5]","[77, 0]","[77, 0]","[67, 10]","[61, 16]","[22, 55]","[16, 61]"
278,BRATS_129.nii.gz_2,tensor(0.),"[53, 0]","[53, 0]","[44, 9]","[31, 22]","[53, 0]","[53, 0]","[17, 36]","[20, 33]","[13, 40]","[13, 40]"
279,BRATS_129.nii.gz_3,tensor(0.),"[51, 0]","[51, 0]","[42, 9]","[35, 16]","[51, 0]","[51, 0]","[40, 11]","[45, 6]","[23, 28]","[23, 28]"
280,BRATS_255.nii.gz_1,tensor(0.),"[47, 0]","[46, 1]","[42, 5]","[41, 6]","[47, 0]","[47, 0]","[27, 20]","[27, 20]","[12, 35]","[11, 36]"
281,BRATS_255.nii.gz_2,tensor(0.),"[37, 0]","[36, 1]","[32, 5]","[31, 6]","[37, 0]","[37, 0]","[31, 6]","[30, 7]","[14, 23]","[10, 27]"
282,BRATS_255.nii.gz_3,tensor(0.),"[33, 0]","[32, 1]","[31, 2]","[28, 5]","[33, 0]","[33, 0]","[26, 7]","[25, 8]","[11, 22]","[11, 22]"
283,BRATS_445.nii.gz_1,tensor(0.),"[63, 0]","[63, 0]","[62, 1]","[63, 0]","[63, 0]","[63, 0]","[57, 6]","[59, 4]","[14, 49]","[15, 48]"
284,BRATS_445.nii.gz_2,tensor(0.),"[36, 0]","[36, 0]","[14, 22]","[13, 23]","[36, 0]","[36, 0]","[14, 22]","[17, 19]","[7, 29]","[11, 25]"
285,BRATS_445.nii.gz_3,tensor(0.),"[40, 0]","[40, 0]","[39, 1]","[36, 4]","[40, 0]","[40, 0]","[28, 12]","[27, 13]","[21, 19]","[20, 20]"
286,BRATS_045.nii.gz_1,tensor(0.),"[61, 0]","[60, 1]","[54, 7]","[50, 11]","[61, 0]","[61, 0]","[47, 14]","[46, 15]","[13, 48]","[14, 47]"
287,BRATS_045.nii.gz_2,tensor(0.),"[44, 0]","[43, 1]","[37, 7]","[36, 8]","[44, 0]","[44, 0]","[32, 12]","[32, 12]","[10, 34]","[13, 31]"
288,BRATS_045.nii.gz_3,tensor(0.),"[40, 0]","[39, 1]","[38, 2]","[37, 3]","[40, 0]","[40, 0]","[27, 13]","[27, 13]","[17, 23]","[18, 22]"
